Rygor,SMN,07/11/2025,11:39:27,Attohwa_Chasm,Tiamat
Javaris,WHM,07/11/2025,11:39:27,Attohwa_Chasm,Tiamat
Nils,WAR,07/11/2025,11:39:27,Attohwa_Chasm,Tiamat
Crescentfresh,BRD,07/11/2025,11:39:27,Attohwa_Chasm,Tiamat
Kossori,BRD,07/11/2025,11:39:27,Attohwa_Chasm,Tiamat
Lockon,THF,07/11/2025,11:39:27,Attohwa_Chasm,Tiamat
Kyra,BRD,07/11/2025,11:39:27,Attohwa_Chasm,Tiamat
Sebasthegalka,MNK,07/11/2025,11:39:27,Attohwa_Chasm,Tiamat
Jahy,SMN,07/11/2025,11:39:27,Attohwa_Chasm,Tiamat
Vear,PLD,07/11/2025,11:39:27,Attohwa_Chasm,Tiamat
Skye,BRD,07/11/2025,11:39:27,Attohwa_Chasm,Tiamat
Thoranir,BRD,07/11/2025,11:39:27,Attohwa_Chasm,Tiamat
Rorry,RDM,07/11/2025,11:39:27,Attohwa_Chasm,Tiamat
Saki,NONE,07/11/2025,11:39:27,Attohwa_Chasm,Tiamat
Esquire,BLM,07/11/2025,11:39:27,Attohwa_Chasm,Tiamat
Binggus,SMN,07/11/2025,11:39:27,Attohwa_Chasm,Tiamat
Daveman,WHM,07/11/2025,11:39:27,Attohwa_Chasm,Tiamat
Artoo,SMN,07/11/2025,11:39:27,Attohwa_Chasm,Tiamat
Dooter,BLM,07/11/2025,11:39:27,Attohwa_Chasm,Tiamat
Notix,RNG,07/11/2025,11:39:27,Attohwa_Chasm,Tiamat
Clynt,PLD,07/11/2025,11:39:27,Attohwa_Chasm,Tiamat
Prongles,WHM,07/11/2025,11:39:27,Attohwa_Chasm,Tiamat
Sonomaa,RDM,07/11/2025,11:39:27,Attohwa_Chasm,Tiamat
